{
 "3": {
  "census": [
   48196,
   70268,
   77424,
   79476,
   81335,
   81165,
   64202,
   54977,
   49230,
   37617,
   34486,
   23231,
   39579,
   46272,
   48104,
   70404,
   81635,
   72787,
   82075,
   63241,
   64305,
   46402,
   38253,
   40005,
   32166,
   29286,
   43879
  ],
  "dist_to_final": 0.294754338667886
 },
 "27": {
  "census": [
   505758,
   503734,
   499195,
   496695,
   501152,
   499272,
   497811,
   497408,
   497700,
   497174,
   500553,
   501219,
   498590,
   503248,
   503767,
   500010,
   499388,
   499906,
   503016,
   498765,
   498001,
   499072,
   497033,
   498260,
   501893,
   499406,
   501974
  ],
  "dist_to_final": 0.004078614235634784
 },
 "81": {
  "census": [
   1507286,
   1508717,
   1502622,
   1500941,
   1503767,
   1502194,
   1501583,
   1496381,
   1489474,
   1492176,
   1494453,
   1502086,
   1499415,
   1499599,
   1506230,
   1502956,
   1506982,
   1504860,
   1502928,
   1495684,
   1495978,
   1492536,
   1495913,
   1491024,
   1499452,
   1500423,
   1504340
  ],
  "dist_to_final": 0.0024191318396586045
 },
 "2187": {
  "census": [
   40509589,
   40505885,
   40547145,
   40549856,
   40579379,
   40530992,
   40505424,
   40444170,
   40445661,
   40454305,
   40432153,
   40454602,
   40483381,
   40505802,
   40534481,
   40515542,
   40617031,
   40571394,
   40558287,
   40459206,
   40492790,
   40457142,
   40499912,
   40440787,
   40439371,
   40479612,
   40486101
  ],
  "dist_to_final": 0.0003161859472641179
 },
 "6561": {
  "census": [
   121445895,
   121460517,
   121587445,
   121646362,
   121746627,
   121612740,
   121542687,
   121394899,
   121430286,
   121387159,
   121295741,
   121329025,
   121431106,
   121471327,
   121528906,
   121507537,
   121817571,
   121716547,
   121686940,
   121433918,
   121519584,
   121468563,
   121531672,
   121365349,
   121295055,
   121402220,
   121444322
  ],
  "dist_to_final": 0.0
 }
}