{
 "census_backwards": [
  121454877,
  121483621,
  121344995,
  121699487,
  121913779,
  121908824,
  121482015,
  121585387,
  121569364,
  121397274,
  121159396,
  121271509,
  121126939,
  121381830,
  121460723,
  121462180,
  121682136,
  121813622,
  121927127,
  121630742,
  121557041,
  121675350,
  121545079,
  121335796,
  121259156,
  121180061,
  121191690
 ],
 "shape_dist_fwd_bwd": 0.0010241518061271104,
 "weights": [
  1,
  0,
  0,
  -1,
  0,
  0,
  1,
  0,
  0,
  1,
  0,
  0,
  -1,
  0,
  0,
  1,
  0,
  0,
  1,
  0,
  0,
  -1,
  0,
  0,
  1,
  0,
  0
 ],
 "survived": [
  0,
  3,
  6,
  9,
  12,
  15,
  18,
  21,
  24
 ],
 "dead": [
  1,
  2,
  4,
  5,
  7,
  8,
  10,
  11,
  13,
  14,
  16,
  17,
  19,
  20,
  22,
  23,
  25,
  26
 ],
 "exact_pm": true,
 "mass_alive": 0.33332857948483463
}