{
 "moments": [
  "db538e8e",
  "221217c5",
  "5cbcc489",
  "d313495a",
  "7c402ae6",
  "d8dcc4a2",
  "405a3290",
  "262fd48d",
  "3784c5c9",
  "e3628016",
  "a272a61c",
  "126d215d",
  "a381c4d0",
  "f7c646c5",
  "6fb45441"
 ],
 "tracks": {
  "R": [
   [
    614.933448573898,
    1204.551426101988
   ],
   [
    596.4105839416059,
    1226.7116788321168
   ],
   [
    569.3672869735553,
    1262.6679725759059
   ],
   [
    565.2397191574723,
    1284.1624874623872
   ],
   [
    574.1015325670498,
    1306.2011494252874
   ],
   [
    588.2099567099567,
    1329.0238095238096
   ],
   [
    606.4825986078886,
    1370.0812064965198
   ],
   [
    619.6015325670498,
    1407.7854406130268
   ],
   [
    628.6102189781022,
    1422.7532846715328
   ],
   [
    644.6207951070337,
    1389.6758409785934
   ],
   [
    664.2084367245658,
    1340.2183622828784
   ],
   [
    674.1101591187271,
    1317.0134638922889
   ],
   [
    679.2528301886792,
    1304.8880503144655
   ],
   [
    696.5430303030303,
    1272.7442424242424
   ],
   [
    699.7266922094508,
    1216.360153256705
   ]
  ],
  "G": [
   [
    614.8982758620689,
    1204.6844827586206
   ],
   [
    596.2962962962963,
    1226.8617886178863
   ],
   [
    569.0459770114942,
    1262.8544061302682
   ],
   [
    565.0155642023346,
    1284.4902723735408
   ],
   [
    574.3283582089553,
    1306.2891791044776
   ],
   [
    588.3927813163482,
    1329.3269639065818
   ],
   [
    608.061274509804,
    1368.6544117647059
   ],
   [
    619.71,
    1408.28
   ],
   [
    630.2412698412699,
    1421.2825396825397
   ],
   [
    644.6422018348624,
    1389.8134556574923
   ],
   [
    663.8751560549314,
    1340.3270911360798
   ],
   [
    673.8585607940447,
    1316.8982630272953
   ],
   [
    679.1330798479088,
    1305.0671736375157
   ],
   [
    696.8033775633293,
    1272.7599517490953
   ],
   [
    699.7882653061224,
    1216.3494897959183
   ]
  ],
  "B": [
   [
    614.6252220248668,
    1204.7175843694495
   ],
   [
    596.1966604823748,
    1227.0686456400742
   ],
   [
    569.2709359605911,
    1262.9556650246304
   ],
   [
    565.408906882591,
    1284.4777327935221
   ],
   [
    574.2777777777778,
    1306.383141762452
   ],
   [
    588.2131324004306,
    1329.606027987083
   ],
   [
    606.3260619977038,
    1370.3995407577497
   ],
   [
    619.0275952693823,
    1407.8160315374507
   ],
   [
    629.8833333333333,
    1421.3416666666667
   ],
   [
    645.2539912917271,
    1389.422351233672
   ],
   [
    664.2200956937799,
    1339.5741626794259
   ],
   [
    673.8282208588957,
    1317.322699386503
   ],
   [
    679.4371108343711,
    1305.3823163138231
   ],
   [
    696.6894865525672,
    1272.921760391198
   ],
   [
    699.4490566037736,
    1216.1006289308175
   ]
  ]
 },
 "report": {
  "R": {
   "fwd": [
    33.93161127456885,
    20.492105024203397
   ],
   "bwd": [
    31.809162058078964,
    20.492105024203397
   ]
  },
  "G": {
   "fwd": [
    33.791513319580105,
    20.721062666802723
   ],
   "bwd": [
    31.672786155924896,
    20.721062666802723
   ]
  },
  "B": {
   "fwd": [
    33.7520944079005,
    20.432269406976555
   ],
   "bwd": [
    31.604443069774455,
    20.432269406976552
   ]
  }
 },
 "max_spread": 2.4609830687168786,
 "mean_spread": 0.7361149998016769,
 "headings": [
  39.795203498975006,
  36.986149997872054,
  10.532028787636932,
  -22.35989367170495,
  -31.363463496526172,
  -24.824075714078322,
  -18.083900587238304,
  -36.22265102242767,
  -154.61123764284002,
  -158.77521020934444,
  -156.8217709002785,
  -155.94173950909055,
  -151.68562810409406,
  -176.98688286997051
 ]
}