{
 "distinct": 12,
 "survive_frac": 0.9627275245330801,
 "track": [
  [
   "1950bb50",
   [
    600.4183773216032,
    1212.6041055718474
   ]
  ],
  [
   "75c3f731",
   [
    584.3173588924387,
    1236.0425985090521
   ]
  ],
  [
   "17d95426",
   [
    563.0870870870871,
    1266.3693693693695
   ]
  ],
  [
   "db73988a",
   [
    584.1457663451233,
    1235.545551982851
   ]
  ],
  [
   "02bacca5",
   [
    600.3606237816764,
    1212.4035087719299
   ]
  ],
  [
   "976a4cf7",
   [
    601.3007846556234,
    1211.1612903225805
   ]
  ],
  [
   "c572dc70",
   [
    600.3606237816764,
    1212.4035087719299
   ]
  ],
  [
   "2cf6b914",
   [
    584.1457663451233,
    1235.545551982851
   ]
  ],
  [
   "5abf1c9a",
   [
    563.0479041916168,
    1266.2215568862275
   ]
  ],
  [
   "66558116",
   [
    800.4691358024692,
    934.7901234567901
   ]
  ],
  [
   "82c84cb7",
   [
    343.4564643799472,
    1694.1424802110819
   ]
  ],
  [
   "e5d85cf4",
   [
    352.69464847848894,
    611.9779643231899
   ]
  ]
 ],
 "fwd": {
  "persist": 254.7381942373006,
  "vel": 379.51350607853976
 },
 "bwd": {
  "persist": 149.36139889396557,
  "vel": 379.51350607853976
 }
}