{
 "track": {
  "A": {
   "star": [
    600.4183773216032,
    1212.6041055718474
   ],
   "wisp": [
    521.0801815431165,
    914.3721633888049
   ],
   "wisp_area": 1322
  },
  "B": {
   "star": [
    584.3173588924387,
    1236.0425985090521
   ],
   "wisp": [
    518.6513833992094,
    919.1351778656126
   ],
   "wisp_area": 1265
  },
  "C": {
   "star": [
    563.0870870870871,
    1266.3693693693695
   ],
   "wisp": [
    279.3870805679685,
    1025.889367778101
   ],
   "wisp_area": 75638
  }
 },
 "star_steps": [
  [
   -16.10101842916447,
   23.438492937204728
  ],
  [
   -21.230271805351663,
   30.32677086031731
  ]
 ],
 "wisp_steps": [
  [
   -2.428798143907102,
   4.763014476807712
  ],
  [
   -239.2643028312409,
   106.7541899124883
  ]
 ],
 "residual": [
  [
   -13.672220285257367,
   18.675478460397017
  ],
  [
   218.03403102588925,
   -76.42741905217099
  ]
 ],
 "verdict": "OBJECT MOTION dominates"
}