{
 "moments": [
  "dce7436d",
  "a6afc323",
  "7e56c453",
  "bde2a191",
  "d2de0a6f",
  "c59eeaf4",
  "09512ae3",
  "7fe74aa5",
  "ecf640f4",
  "a2c6c3ea",
  "cb2c4720",
  "5c80d84d",
  "9888f968"
 ],
 "red": {
  "am": 0.7067475389684603,
  "track": [
   [
    377.2269707988932,
    490.9260071667902
   ],
   [
    273.7548083220395,
    663.4572422809019
   ],
   [
    270.16222469031766,
    585.7338020980033
   ],
   [
    269.6315519244141,
    477.3343052148945
   ],
   [
    271.1117545215139,
    345.1873984585023
   ],
   [
    270.1838251015292,
    347.20351989098367
   ],
   [
    269.80718785838116,
    475.85698632898743
   ],
   [
    269.7027021745088,
    587.5765566316693
   ],
   [
    312.8901454721933,
    551.7117542339406
   ],
   [
    269.26221391065326,
    587.5352649748261
   ],
   [
    269.80718785838116,
    475.85698632898743
   ],
   [
    270.1838251015292,
    347.20351989098367
   ],
   [
    269.7027021745088,
    587.5765566316693
   ]
  ]
 },
 "blue": {
  "am": 0.7550503457673412,
  "track": [
   [
    265.46563350342615,
    426.1704981412546
   ],
   [
    208.71172885387284,
    567.424613652746
   ],
   [
    222.28920329337004,
    518.881897733104
   ],
   [
    230.44039108884286,
    449.8602859817864
   ],
   [
    240.69626790229447,
    341.9769795129461
   ],
   [
    240.5273367832577,
    343.02964282539216
   ],
   [
    230.8063242701297,
    446.60660306345164
   ],
   [
    221.8404931166325,
    519.9450680779747
   ],
   [
    280.2478841847843,
    663.6261373188952
   ],
   [
    221.72903658225167,
    519.9167385041835
   ],
   [
    230.8063242701297,
    446.60660306345164
   ],
   [
    240.5273367832577,
    343.02964282539216
   ],
   [
    221.8404931166325,
    519.9450680779747
   ]
  ]
 },
 "agree_mean": 71.3971938657333,
 "agree_max": 129.166065447653
}